6534a837497d_image,74077a8e3b7c_image,,,,,,,
9e4824fcee2e_image,ea2117b53323_image,,,,,,,
19fc87ff0612_image,eea3a910fa9e_image,,,,,,,
1ea01196514a_image,961e67cadcdc_image,,,,,,,
70fbcd6dcc53_image,9b1de1c45491_image,,,,,,,
6494a03199e5_image,3b6ad60071d4_image,,,,,,,
b61f3493c551_image, 89bd77c8c10_image,,,,,,,
0842f032a217_image,830063223a31_image,efc93a3917b6_image,,,,,,
c6e92e59a0ae_image,5c063f5cef5_image,b121806162c3_image,4c414b793562_image,26f643772090_image,156cb1f5c689_image,bee62c601ae9_image,a5a364383f34_image,4cc2f7f4c4b_image
c8156ae4d6e8_image,7b7275d670e7_image,,,,,,,
93979c3e3177_image,72cf260ddf4c_image,,,,,,,
00c1515729a8_image,9e844dea386a_image,,,,,,,
b4b931e5ad31_image,6ff218d10741_image,,,,,,,
7f1924880cf8_image,bb3076795a01_image,,,,,,,
32222cc776a2_image,99f3642f50f5_image,b6b74c8a97e4_image,,,,,,
d180fed57716_image,12e97ed89297_image,,,,,,,
c05a1da5efe0_image,ab55abb953d1_image,,,,,,,
550f057ee0b0_image,2da1eb17b0b7_image,,,,,,,
9fa8318fb7f6_image,dd32589bdc3_image,,,,,,,
ea516e218fe6_image,66712e2fc6a4_image,,,,,,,
93301812b0e7_image,7966f780f27f_image,,,,,,,
b5a415f70aa9_image,1a0a148c030f_image,,,,,,,
2c130ee08736_image,684230477525_image,d93b8a8335cf_image,,,,,,
d9456aadecbe_image,caa7fd25ee9d_image,,,,,,,
d342f75ccb55_image,39d52f244db3_image,,,,,,,
a1fa5f79671d_image,1dc7459cb081_image,,,,,,,
63c6e1324ac3_image,611348a721f7_image,,,,,,,
04f41a8958f7_image,deea6d6f81a5_image,,,,,,,
41e9a794b342_image,2f973757eaa4_image,,,,,,,
cdd9e3aaf45a_image,93a881fb3292_image,d4d6acc9ed3_image,0e3a7e91a34_image,,,,,
fa447a409bd6_image,1b92142f4362_image,,,,,,,
582c442e440b_image,f7edf5c476c4_image,4cbc17936e7d_image,,,,,,
6e9fad584bff_image,893fde8abd42_image,,,,,,,
1419506711be_image,ea2688741043_image,,,,,,,
b43de320e7d9_image,102b5cac730_image,b3ffe59e37c7_image,,,,,,
ac212043ee3c_image,7626c521cad7_image,,,,,,,
6f5e70a99d77_image,8acae0bf785_image,,,,,,,
c3a09e8a600d_image,6f54e9cbd180_image,c7925ab50eb0_image,35e398a5a431_image,c4b68b29a072_image,,,,
9939f63af4ff_image,42f55c3da74f_image,,,,,,,
e3e2f20e0264_image,abb96ea8a826_image,,,,,,,
c843d08b49b8_image,be65d1a22de5_image,7be323e5f816_image,,,,,,
a57bf6dd6119_image,c6b440ba98e_image,,,,,,,
19701de5ae89_image,9fcbe25a88e0_image,,,,,,,
40e1d57e03be_image,59bc532be971_image,,,,,,,
717ea5155b46_image,77c85f226d8_image,,,,,,,
2a7a456d367e_image,c64ddad4795a_image,,,,,,,
8d4b3609ed92_image,f7c7683d6ed9_image,9872a8a48f23_image,e738c549fe8e_image,,,,,
32ebc75d961e_image,149356f04849_image,,,,,,,
6d36ffbc7864_image,df565bcf3504_image,,,,,,,
a0178e3a0d8f_image,ce51b397b1a6_image,,,,,,,
0b020a7aff0a_image,acec7010081_image,3e7b2ffc97db_image,e96133d06736_image,ace7a9702770_image,,,,
df4f1240317e_image,4bb94cd7f2f4_image,608d574388ba_image,866e3622cb24_image,6728e11290af_image,,,,
869476b0763a_image,b97c6b32105e_image,61f3ac249c50_image,ddb051c1233b_image,a39667fe9a81_image,49664f078f0e_image,267a250932bc_image,,
ef6e312ca719_image,847f48f57169_image,,,,,,,
172a7ed6d7e2_image,e73f2cc047ad_image,,,,,,,
84135cf828e7_image,8093df07a5d0_image,,,,,,,
7e8966bfec61_image,779f0040d1b2_image,,,,,,,
76c66ee8e58d_image,7b3e9f13d4e7_image,,,,,,,
13db06153828_image,f208dc529d16_image,,,,,,,
b7eb26ddf5a3_image,d74ef8961bff_image,,,,,,,
8ab8682e8bc6_image,a2ee4b862182_image,,,,,,,
66dabc6f972d_image,d787c9bd4fa8_image,,,,,,,
68ad4b624a6d_image,575769456b9_image,,,,,,,
df2bb22fa871_image,2f6019c75d6d_image,,,,,,,
60fecf059f05_image,b0866caa201a_image,,,,,,,
52f97cad2b63_image,6e5946091b8a_image,75b52bec817f_image,,,,,,
cbf0a27f993e_image,7c6b234a94b_image,,,,,,,
3577ee4f26c4_image,3566e20a178e_image,,,,,,,
e897ef5c203c_image,87adda1908f9_image,9108cdfd43dc_image,,,,,,
33c026e51b02_image,a94171e98807_image,,,,,,,
bdd3115879aa_image,1c1069c57757_image,,,,,,,
a414f67f5735_image,a5bbd30ed109_image,,,,,,,
173c23887f9b_image,21518ca15050_image,,,,,,,
